<?xml version="1.0" encoding="utf-8"?>
<material_library align="o" cut="201211211801-414735" version="2013.01" unit="1">
	<materials label="F1 in Schools">
		<material type="A3S::Decal" name="Autodesk Logo Black" label="Autodesk Logo New">
			<parameter type="double" name="RTambientTraceDistance" value="300.0">
			</parameter>
			<parameter type="double" name="RTglobalIlluminationIntensity" value="0.3">
			</parameter>
			<parameter type="affineMatrix" name="bumpProjMatrix" value="9.42035999344e-18 0.549277446689 -0.176090942392 -0.153846153846 3.36335433466e-17 -1.07824604479e-17 1.02136848894e-29 0.256132279843 0.377628244598 0.492307692308 -10.6001673423 1.32943710845">
			</parameter>
			<parameter type="string" name="bumpProjection" value="planar">
			</parameter>
			<parameter type="string" name="bumpRepeatU" value="Clamp">
			</parameter>
			<parameter type="string" name="bumpRepeatV" value="Clamp">
			</parameter>
			<parameter type="string" name="bumpSource" value="none">
			</parameter>
			<parameter type="string" name="decal" value="value">
			</parameter>
			<parameter type="affineMatrix" name="decalProjMatrix" value="9.42035999344e-18 0.549277446689 -0.176090942392 -0.153846153846 3.36335433466e-17 -1.07824604479e-17 1.02136848894e-29 0.256132279843 0.377628244598 0.492307692308 -10.6001673423 1.32943710845">
			</parameter>
			<parameter type="string" name="decalProjection" value="planar">
			</parameter>
			<parameter type="string" name="decalRepeatU" value="Clamp">
			</parameter>
			<parameter type="string" name="decalRepeatV" value="Clamp">
			</parameter>
			<parameter type="string" name="decalSource" value="texture">
			</parameter>
			<parameter type="string" name="decalTexture" value="autodesk-logo-rgb-color-logo-black-text-large_MASK.jpg|C:\Users\fisched\Documents\Education\Content\F1inSchools\F1 new logo-files\autodesk-logo-rgb-color-logo-black-text-large_MASK.jpg">
			</parameter>
			<parameter type="double4" name="diffuseColor" value="0.21568627451 0.207843137255 0.207843137255">
			</parameter>
			<parameter type="string" name="diffuseIBL" value="ibl">
			</parameter>
			<parameter type="string" name="diffuseIBLContrastSource" value="none">
			</parameter>
			<parameter type="double" name="diffuseIBLContrastValue" value="0.8">
			</parameter>
			<parameter type="double4" name="diffuseIBLGainColor" value="0.943548387097 0.943548387097 0.943548387097">
			</parameter>
			<parameter type="string" name="diffuseIBLGainSource" value="color">
			</parameter>
			<parameter type="double" name="diffuseIBLGainValue" value="1.0">
			</parameter>
			<parameter type="string" name="diffuseLight" value="light">
			</parameter>
			<parameter type="string" name="diffuseLightGainSource" value="value">
			</parameter>
			<parameter type="double" name="diffuseLightGainValue" value="1.0">
			</parameter>
			<parameter type="affineMatrix" name="diffuseProjMatrix" value="9.42035999344e-18 0.549277446689 -0.176090942392 -0.153846153846 3.36335433466e-17 -1.07824604479e-17 1.02136848894e-29 0.256132279843 0.377628244598 0.492307692308 -10.6001673423 1.32943710845">
			</parameter>
			<parameter type="string" name="diffuseProjection" value="planar">
			</parameter>
			<parameter type="string" name="diffuseRepeatU" value="Clamp">
			</parameter>
			<parameter type="string" name="diffuseRepeatV" value="Clamp">
			</parameter>
			<parameter type="string" name="diffuseSource" value="texture">
			</parameter>
			<parameter type="string" name="diffuseTexture" value="autodesk-logo-rgb-color-logo-black-text-large.tif|C:\Users\fisched\Documents\Education\Content\F1inSchools\F1 new logo-files\autodesk-logo-rgb-color-logo-black-text-large.tif">
			</parameter>
			<parameter type="double" name="eccentricity" value="0.25">
			</parameter>
			<parameter type="double" name="eccentricity2" value="0.01">
			</parameter>
			<parameter type="double4" name="fresnel" value="0.15 0.92 3.0 0.95">
			</parameter>
			<parameter type="string" name="keyword" value=":showcase:decal:autodesk:logo:">
			</parameter>
			<parameter type="string" name="linkTextures" value="decal">
			</parameter>
			<parameter type="string" name="reflectIBLGainSource" value="value">
			</parameter>
			<parameter type="double" name="reflectIBLGainValue" value="0.414">
			</parameter>
			<parameter type="string" name="reflectReflectLight" value="true">
			</parameter>
			<parameter type="string" name="reflectSource" value="none">
			</parameter>
			<parameter type="double" name="rolloff" value="0.2">
			</parameter>
			<parameter type="string" name="specular2Source" value="none">
			</parameter>
			<parameter type="string" name="specularIBL" value="ibl">
			</parameter>
			<parameter type="double" name="specularIBLContrastValue" value="0.5">
			</parameter>
			<parameter type="double4" name="specularIBLGainColor" value="0.206612903226 0.206612903226 0.206612903226">
			</parameter>
			<parameter type="string" name="specularIBLGainSource" value="value">
			</parameter>
			<parameter type="double" name="specularIBLGainValue" value="0.1">
			</parameter>
			<parameter type="string" name="specularLight" value="light">
			</parameter>
			<parameter type="string" name="specularLightGainSource" value="value">
			</parameter>
			<parameter type="double" name="specularLightGainValue" value="0.1">
			</parameter>
			<parameter type="string" name="specularProjMatSource" value="specular">
			</parameter>
			<parameter type="affineMatrix" name="specularProjMatrix" value="9.42035999344e-18 0.549277446689 -0.176090942392 -0.153846153846 3.36335433466e-17 -1.07824604479e-17 1.02136848894e-29 0.256132279843 0.377628244598 0.492307692308 -10.6001673423 1.32943710845">
			</parameter>
			<parameter type="string" name="specularProjection" value="planar">
			</parameter>
			<parameter type="string" name="specularRepeatU" value="Clamp">
			</parameter>
			<parameter type="string" name="specularRepeatV" value="Clamp">
			</parameter>
			<parameter type="string" name="specularSource" value="none">
			</parameter>
			<parameter type="string" name="thumbnail" value="Autodesk Logo Black__thumbnail.png">
			</parameter>
			<parameter type="affineMatrix" name="transparencyProjMatrix" value="9.42035999344e-18 0.549277446689 -0.176090942392 -0.153846153846 3.36335433466e-17 -1.07824604479e-17 1.02136848894e-29 0.256132279843 0.377628244598 0.492307692308 -10.6001673423 1.32943710845">
			</parameter>
			<parameter type="string" name="transparencyProjection" value="planar">
			</parameter>
			<parameter type="string" name="transparencyRepeatU" value="Clamp">
			</parameter>
			<parameter type="string" name="transparencyRepeatV" value="Clamp">
			</parameter>
		</material>
		<material type="A3S::Decal" name="Number One" label="F1 in Schools">
			<parameter type="double" name="RTambientTraceDistance" value="300.0">
			</parameter>
			<parameter type="double" name="RTglobalIlluminationIntensity" value="0.3">
			</parameter>
			<parameter type="affineMatrix" name="bumpProjMatrix" value="0.555555570273 0.0 0.0 0.0 0.0 10000.0 0.0 0.726746309516 0.0 -7.17728590987 -0.154071661238 35000.0">
			</parameter>
			<parameter type="string" name="bumpProjection" value="triplanar">
			</parameter>
			<parameter type="string" name="bumpRepeatU" value="Clamp">
			</parameter>
			<parameter type="string" name="bumpRepeatV" value="Clamp">
			</parameter>
			<parameter type="string" name="bumpSource" value="none">
			</parameter>
			<parameter type="string" name="decal" value="value">
			</parameter>
			<parameter type="double4" name="decalColor" value="1.0 1.0 1.0">
			</parameter>
			<parameter type="affineMatrix" name="decalProjMatrix" value="0.555555570273 0.0 0.0 0.0 0.0 10000.0 0.0 0.726746309516 0.0 -7.17728590987 -0.154071661238 35000.0">
			</parameter>
			<parameter type="string" name="decalProjection" value="triplanar">
			</parameter>
			<parameter type="string" name="decalRepeatU" value="Clamp">
			</parameter>
			<parameter type="string" name="decalRepeatV" value="Clamp">
			</parameter>
			<parameter type="string" name="decalSource" value="color">
			</parameter>
			<parameter type="string" name="decalTexture" value="f1inschools logo.jpg|C:\F1 in Schools\f1inschools logo.jpg">
			</parameter>
			<parameter type="double4" name="diffuseColor" value="1.0 1.0 1.0">
			</parameter>
			<parameter type="string" name="diffuseIBL" value="ibl">
			</parameter>
			<parameter type="string" name="diffuseIBLContrastSource" value="none">
			</parameter>
			<parameter type="double" name="diffuseIBLContrastValue" value="0.8">
			</parameter>
			<parameter type="double4" name="diffuseIBLGainColor" value="0.943548387097 0.943548387097 0.943548387097">
			</parameter>
			<parameter type="string" name="diffuseIBLGainSource" value="color">
			</parameter>
			<parameter type="double" name="diffuseIBLGainValue" value="1.0">
			</parameter>
			<parameter type="string" name="diffuseLight" value="light">
			</parameter>
			<parameter type="string" name="diffuseLightGainSource" value="value">
			</parameter>
			<parameter type="double" name="diffuseLightGainValue" value="1.0">
			</parameter>
			<parameter type="affineMatrix" name="diffuseProjMatrix" value="0.555555570273 0.0 0.0 0.0 0.0 10000.0 0.0 0.726746309516 0.0 -7.17728590987 -0.154071661238 35000.0">
			</parameter>
			<parameter type="string" name="diffuseProjection" value="triplanar">
			</parameter>
			<parameter type="string" name="diffuseRepeatU" value="Clamp">
			</parameter>
			<parameter type="string" name="diffuseRepeatV" value="Clamp">
			</parameter>
			<parameter type="string" name="diffuseSource" value="texture">
			</parameter>
			<parameter type="string" name="diffuseTexture" value="f1inschools logo.jpg|C:\F1 in Schools\f1inschools logo.jpg">
			</parameter>
			<parameter type="double" name="eccentricity" value="0.25">
			</parameter>
			<parameter type="double" name="eccentricity2" value="0.01">
			</parameter>
			<parameter type="double4" name="fresnel" value="0.15 0.92 3.0 0.95">
			</parameter>
			<parameter type="string" name="keyword" value=":showcase:decal:">
			</parameter>
			<parameter type="string" name="linkTextures" value="decal">
			</parameter>
			<parameter type="double4" name="occlusionColor" value="0.435483870968 0.435483870968 0.435483870968">
			</parameter>
			<parameter type="string" name="reflectIBLGainSource" value="value">
			</parameter>
			<parameter type="double" name="reflectIBLGainValue" value="0.414">
			</parameter>
			<parameter type="string" name="reflectReflectLight" value="true">
			</parameter>
			<parameter type="string" name="reflectSource" value="none">
			</parameter>
			<parameter type="double" name="rolloff" value="0.2">
			</parameter>
			<parameter type="string" name="specular2Source" value="none">
			</parameter>
			<parameter type="string" name="specularIBL" value="ibl">
			</parameter>
			<parameter type="double" name="specularIBLContrastValue" value="0.5">
			</parameter>
			<parameter type="double4" name="specularIBLGainColor" value="0.206612903226 0.206612903226 0.206612903226">
			</parameter>
			<parameter type="string" name="specularIBLGainSource" value="value">
			</parameter>
			<parameter type="double" name="specularIBLGainValue" value="0.1">
			</parameter>
			<parameter type="string" name="specularLight" value="light">
			</parameter>
			<parameter type="string" name="specularLightGainSource" value="value">
			</parameter>
			<parameter type="double" name="specularLightGainValue" value="0.1">
			</parameter>
			<parameter type="string" name="specularProjMatSource" value="specular">
			</parameter>
			<parameter type="affineMatrix" name="specularProjMatrix" value="0.555555570273 0.0 0.0 0.0 0.0 10000.0 0.0 0.726746309516 0.0 -7.17728590987 -0.154071661238 35000.0">
			</parameter>
			<parameter type="string" name="specularProjection" value="triplanar">
			</parameter>
			<parameter type="string" name="specularRepeatU" value="Clamp">
			</parameter>
			<parameter type="string" name="specularRepeatV" value="Clamp">
			</parameter>
			<parameter type="string" name="specularSource" value="none">
			</parameter>
			<parameter type="string" name="thumbnail" value="Number One__thumbnail.png">
			</parameter>
			<parameter type="affineMatrix" name="transparencyProjMatrix" value="0.555555570273 0.0 0.0 0.0 0.0 10000.0 0.0 0.726746309516 0.0 -7.17728590987 -0.154071661238 35000.0">
			</parameter>
			<parameter type="string" name="transparencyProjection" value="triplanar">
			</parameter>
			<parameter type="string" name="transparencyRepeatU" value="Clamp">
			</parameter>
			<parameter type="string" name="transparencyRepeatV" value="Clamp">
			</parameter>
		</material>
	</materials>
</material_library>
